title,genre,language,rating,duration_min,year
Notes for My Son,Drama,Spanish,6.3,83.0,2020
"To Each, Her Own",Romantic comedy,French,5.3,95.0,2018
The Lovebirds,Romantic comedy,English,6.1,87.0,2020
The Perfection,Horror-thriller,English,6.1,90.0,2019
Happy Anniversary,Romantic comedy,English,5.8,78.0,2018
Why Did You Kill Me?,Documentary,English,5.6,83.0,2021
Death to 2020,Comedy,English,6.8,70.0,2020
Brene Brown: The Call to Courage,Documentary,English,7.7,76.0,2019
Operation Christmas Drop,Romantic comedy,English,5.8,96.0,2020
The Lonely Island Presents: The Unauthorized Bash Brothers Experience,Comedy / Musical,English,6.9,30.0,2019
Porta dos Fundos: The First Temptation of Christ,Comedy,Portuguese,4.6,46.0,2019
El Pepe: A Supreme Life,Documentary,Spanish,7.1,73.0,2019
Sky Ladder: The Art of Cai Guo-Qiang,Documentary,English/Mandarin,7.3,79.0,2016
"Out of Many, One",Documentary,English,5.7,34.0,2018
If Anything Happens I Love You,Animation / Short,English,7.8,12.0,2020
Polar,Action,English,6.3,118.0,2019
Shimmer Lake,Crime thriller,English,6.3,86.0,2017
In the Tall Grass,Horror,English,5.4,101.0,2019
Pieces of a Woman,Drama,English,7.1,126.0,2021
The Knight Before Christmas,Romantic comedy,English,5.5,92.0,2019
Unicorn Store,Comedy,English,5.5,92.0,2019
Our Souls at Night,Romance,English,6.9,103.0,2017
Birders,Documentary,English/Spanish,6.4,37.0,2019
Christmas Crossfire,Thriller,German,4.8,106.0,2020
Shawn Mendes: In Wonder,Documentary,English,6.6,83.0,2020
"Game Over, Man!",Action/Comedy,English,5.4,101.0,2018
Icarus,Documentary,English,7.9,120.0,2017
Forgive Us Our Debts,Drama,Italian,6.0,104.0,2018
Clinical,Thriller,English,5.1,104.0,2017
Crazy About Her,Romantic comedy,Spanish,6.6,102.0,2021
Night in Paradise,Drama,Korean,6.7,132.0,2021
Parchis: The Documentary,Documentary,Spanish,6.7,106.0,2019
The Siege of Jadotville,War,English,7.2,108.0,2016
I Am All Girls,Thriller,English,5.8,107.0,2021
Fyre: The Greatest Party That Never Happened,Documentary,English,7.2,97.0,2019
In the Shadow of the Moon,Thriller,English,6.2,115.0,2019
"Ariana Grande: Excuse Me, I Love You",Concert Film,English,6.4,97.0,2020
Kevin Hart's Guide to Black History,Variety show,English,5.5,63.0,2019
Secret Obsession,Thriller,English,4.4,97.0,2019
Apostle,Horror-thriller,English,6.3,129.0,2018
The Polka King,Comedy-drama,English,5.9,95.0,2018
American Factory,Documentary,English,7.4,110.0,2019
Sentinelle,Action,French,4.7,80.0,2021
Paradox,Musical/Western/Fantasy,English,3.9,73.0,2018
Coin Heist,Heist,English,4.8,97.0,2017
A California Christmas,Romantic comedy,English,5.8,107.0,2020
The Killer,Western,Portuguese,6.1,99.0,2017
Tall Girl,Comedy-drama,English,5.2,102.0,2019
Uncorked,Drama,English,6.3,103.0,2020
Outside the Wire,Action/Science fiction,English,5.4,114.0,2021
El Camino Christmas,Dark comedy,English,5.7,89.0,2017
The Beast,Drama,Italian,5.2,99.0,2020
The Trial of the Chicago 7,Drama,English,7.8,130.0,2020
The American Meme,Documentary,English,6.6,98.0,2018
The White Tiger,Drama,English,7.1,125.0,2021
Holiday Rush,Family film,English,4.9,94.0,2019
Hope Frozen: A Quest to Live Twice,Documentary,Thia/English,6.7,80.0,2020
The Paramedic,Thriller,Spanish,5.6,94.0,2020
Irreplaceable You,Drama,English,6.4,96.0,2018
The Princess Switch,Romantic comedy,English,6.0,101.0,2018
House Arrest,Comedy,Hindi,5.5,104.0,2019
Yeh Ballet,Drama,Hindi,7.6,117.0,2020
The Other One: The Long Strange Trip of Bob Weir,Documentary,English,7.3,83.0,2015
Imperial Dreams,Drama,English,6.7,87.0,2017
ReMastered: Who Killed Jam Master Jay?,Documentary,English,6.6,58.0,2018
All Because of You,Action comedy,Malay,4.2,101.0,2020
Seeing Allred,Documentary,English,6.9,95.0,2018
Sand Castle,War,English,6.3,113.0,2017
Caught by a Wave,Romantic teen drama,Italian,5.7,99.0,2021
Ginny Weds Sunny,Romantic comedy,Hindi,5.7,125.0,2020
Dance Dreams: Hot Chocolate Nutcracker,Documentary,English,7.1,80.0,2020
What Would Sophia Loren Do?,Documentary,English,6.6,32.0,2021
Springsteen on Broadway,One-man show,English,8.5,153.0,2018
The Main Event,Comedy,English,4.8,101.0,2020
I'm No Longer Here,Drama,Spanish,7.3,105.0,2020
Blackpink: Light Up the Sky,Documentary,Korean,7.5,79.0,2020
Chopsticks,Comedy,Hindi,6.5,100.0,2019
Circus of Books,Documentary,English,7.1,92.0,2020
The Legend of Cocaine Island,Documentary,English,6.3,87.0,2019
Ma Rainey's Black Bottom,Drama,English,7.0,94.0,2020
Elisa & Marcela,Romance,Spanish,6.6,118.0,2019
Seriously Single,Comedy,English,4.5,107.0,2020
The Call,Drama,Korean,4.1,112.0,2020
Angela's Christmas,Animation,English,7.1,30.0,2018
Get the Goat,Comedy,Portuguese,6.3,97.0,2021
What Did Jack Do?,Drama / Short,English,6.5,17.0,2020
When We First Met,Romantic comedy,English,6.4,97.0,2018
Alex Strangelove,Romantic comedy,English,6.3,99.0,2018
The Mars Generation,Documentary,English,6.4,97.0,2017
Bulbbul,Horror,Hindi,6.6,94.0,2020
The Great Hack,Documentary,English,7.1,114.0,2019
How It Ends,Action-thriller,English,5.0,113.0,2018
The Incredible Jessica James,Comedy,English,6.5,83.0,2017
The Forest of Love,Drama,Japanese,6.3,151.0,2019
Still Laugh-In: The Stars Celebrate,Variety show,English,5.2,60.0,2019
Canvas ,Animation / Short,English,6.5,9.0,2020
Firebrand,Drama,Marathi,5.2,112.0,2019
#REALITYHIGH,Comedy,English,5.2,99.0,2017
Rattlesnake,Horror,English,4.6,85.0,2019
Murder to Mercy: The Cyntoia Brown Story,Documentary,English,6.4,97.0,2020
Sextuplets,Comedy,English,4.4,99.0,2019
Cuba and the Cameraman ,Documentary,English,8.3,114.0,2017
Christmas Inheritance,Romantic drama,English,5.7,104.0,2017
Mank,Biopic,English,6.9,132.0,2020
The Crimes That Bind,Crime drama,Spanish,6.6,99.0,2020
Red Dot,Thriller,Swedish,5.5,86.0,2021
Ghosts of Sugar Land,Documentary,English,5.5,21.0,2019
The Last Days of American Crime,Heist film/Thriller,English,3.7,149.0,2020
Lionheart,Comedy,English,5.7,94.0,2019
Dolly Kitty and Those Twinkling Stars,Drama,Hindi,5.4,120.0,2020
"Bikram: Yogi, Guru, Predator",Documentary,English,6.7,86.0,2019
Strong Island,Documentary,English,6.4,107.0,2017
A Secret Love,Documentary,English,7.9,82.0,2020
Space Sweepers,Science fiction,Korean,6.6,136.0,2021
Seventeen,Coming-of-age comedy-drama,Spanish,7.2,99.0,2019
Nobody Knows I'm Here,Drama,Spanish,6.5,91.0,2020
The Laundromat,Comedy-drama,English,6.3,98.0,2019
The Meyerowitz Stories (New and Selected),Comedy-drama,English,6.9,112.0,2017
"Lorena, Light-Footed Woman",Documentary,Spanish,7.0,28.0,2019
End Game,Documentary,English,7.1,40.0,2018
The Babysitter: Killer Queen,Comedy/Horror,English,5.8,102.0,2020
iBoy,Science fiction/Thriller,English,6.0,90.0,2017
I Am Not an Easy Man,Romantic comedy,French,6.3,98.0,2018
Ride or Die,Psychological thriller drama,Japanese,5.5,142.0,2021
The Angel,Spy thriller,English,6.6,114.0,2018
Get the Grift,Comedy,Portuguese,5.5,94.0,2021
Concrete Cowboy,Drama,English,6.3,111.0,2021
Porta dos Fundos: The Last Hangover,Comedy,Portuguese,6.3,44.0,2018
Tig,Documentary,English,7.4,80.0,2015
The Midnight Sky,Science fiction,English,5.6,118.0,2020
Ultras,Sports film,Italian,5.9,108.0,2020
Tony Robbins: I Am Not Your Guru,Documentary,English,6.7,116.0,2016
June & Kopi,Drama,Indonesian,6.3,90.0,2021
We Are One,Documentary,French,4.6,86.0,2020
Monster,Drama,English,6.5,98.0,2021
Grass Is Greener,Documentary,English,7.1,97.0,2019
Hubie Halloween,Comedy,English,5.2,103.0,2020
Little Evil,Comedy horror,English,5.7,94.0,2017
Ferry,Crime drama,Dutch,7.1,106.0,2021
Desperados,Romantic comedy,English,5.2,106.0,2020
Holidate,Romantic comedy/Holiday,English,6.1,104.0,2020
Lust Stories,Drama,Hindi,6.5,120.0,2018
Under the Riccione Sun,Romantic teenage drama,Italian,5.4,101.0,2020
Burning Sands,Drama,English,6.1,102.0,2017
Dead Kids,Thriller,Filipino,5.5,94.0,2019
Spenser Confidential,Action comedy,English,6.2,111.0,2020
Mucho Mucho Amor: The Legend of Walter Mercado ,Documentary,Spanish/English,7.3,96.0,2020
Tallulah,Comedy-drama,English,6.7,111.0,2016
Step Sisters,Comedy,English,5.5,108.0,2018
The Most Assassinated Woman in the World,Thriller,French,5.3,102.0,2018
Serious Men,Drama,Hindi,6.8,114.0,2020
All Together Now,Drama,English,6.5,93.0,2020
Win It All,Comedy,English,6.2,88.0,2017
Offering to the Storm,Thriller,Spanish,6.2,139.0,2020
"Hello Privilege. It's Me, Chelsea",Documentary,English,4.4,64.0,2019
The Claudia Kishi Club,Documentary,English,6.9,17.0,2020
The White Helmets,Documentary,English,7.5,40.0,2016
The Do-Over,Action comedy,English,5.7,108.0,2016
The Old Guard,Superhero/Action,English,6.7,124.0,2020
Tigertail,Drama,English/Taiwanese/Mandarin,6.5,91.0,2020
Recovery Boys,Documentary,English,6.6,89.0,2018
Rajma Chawal,Comedy-drama,Hindi,5.8,118.0,2018
The Kissing Booth,Romantic comedy,English,6.0,105.0,2018
The Trader,Documentary,Georgian,6.8,23.0,2018
Benji,Family film,English,6.3,87.0,2018
15-Aug,Comedy-drama,Marathi,5.8,124.0,2019
Chadwick Boseman: Portrait of an Artist,Documentary,English,6.5,21.0,2021
Kingdom of Us,Documentary,English,7.0,109.0,2017
Audrie & Daisy,Documentary,English,7.2,98.0,2016
5 Star Christmas,Comedy,Italian,4.6,95.0,2018
Father Soldier Son,Documentary,English,7.3,100.0,2020
The Occupant,Thriller,Spanish,6.4,103.0,2020
Gunjan Saxena: The Kargil Girl,Drama,Hindi,5.3,112.0,2020
See You Yesterday,Science fiction,English,5.2,87.0,2019
Pee-wee's Big Holiday,Adventure,English,6.1,89.0,2016
Anelka: Misunderstood,Documentary,French,6.4,94.0,2020
Oxygen,Science fiction thriller,French,6.5,101.0,2021
Tony Parker: The Final Shot,Documentary,French,6.8,98.0,2021
His House,Thriller,English,6.5,93.0,2020
13th,Documentary,English,8.2,100.0,2016
Ladies First,Documentary,English/Hindi,7.2,39.0,2018
Calibre,Thriller,English,6.8,101.0,2018
Lost Girls,Crime drama,English,6.1,95.0,2020
Brahman Naman,Comedy,English,5.6,95.0,2016
Girlfriend's Day,Comedy,English,5.2,70.0,2017
Anima,Musical / Short,English,7.7,15.0,2019
The Irishman,Crime drama,English,7.8,209.0,2019
Dolly Parton: A MusiCares Tribute,Documentary,English,6.5,55.0,2021
IO,Science fiction/Drama,English,4.7,95.0,2019
After Maria,Documentary,English/Spanish,4.6,37.0,2019
Amanda Knox,Documentary,English,6.9,92.0,2016
Dad Wanted,Family,Spanish,5.7,102.0,2020
To All the Boys: P.S. I Still Love You,Romantic comedy,English,6.0,102.0,2020
Naked,Comedy,English,5.4,96.0,2017
Guilty,Thriller,Hindi,5.4,119.0,2020
To All the Boys I've Loved Before,Romantic comedy,English,7.1,99.0,2018
Tribhanga ? Tedhi Medhi Crazy,Drama,Hindi,6.1,95.0,2021
Team Foxcatcher,Documentary,English/Russian,7.3,90.0,2016
The Players,Comedy,Italian,4.6,88.0,2020
Take Your Pills,Documentary,English,6.4,87.0,2018
13th: A Conversation with Oprah Winfrey & Ava DuVernay,Aftershow / Interview,English,7.1,36.0,2017
Wheelman,Action thriller,English,6.4,82.0,2017
Resurface,Documentary,English,7.0,27.0,2017
Dangerous Lies,Thriller,English,5.3,97.0,2020
A Life of Speed: The Juan Manuel Fangio Story,Documentary,Spanish,6.8,92.0,2020
One of Us,Documentary,English,7.1,95.0,2017
A Tale of Two Kitchens,Documentary,English/Spanish,6.3,30.0,2019
Over the Moon,Animation/Musical/Adventure,English,6.4,95.0,2020
Raat Akeli Hai,Thriller,Hindi,7.3,149.0,2020
Two Catalonias,Documentary,Spanish/Catalan,6.4,116.0,2018
Keith Richards: Under the Influence,Documentary,English,7.1,81.0,2015
ReMastered: Who Shot the Sheriff?,Documentary,English,6.9,57.0,2018
Like Father,Comedy,English,6.1,103.0,2018
ReMastered: The Two Killings of Sam Cooke,Documentary,English,7.3,64.0,2019
Winter on Fire: Ukraine's Fight for Freedom,Documentary,English/Ukranian/Russian,8.4,91.0,2015
Hold the Dark,Thriller,English,5.6,125.0,2018
Below Zero,Drama,Spanish,6.2,106.0,2021
Sierra Burgess Is a Loser,Romantic comedy-drama,English,5.8,105.0,2018
Casting JonBenet,Documentary,English,6.1,80.0,2017
The Half of It,Romance,English,6.9,105.0,2020
Sometimes,Drama,Tamil,7.2,101.0,2018
Just Another Christmas,Comedy,Portuguese,6.7,101.0,2020
Otherhood,Comedy,English,6.1,100.0,2019
Octonauts & the Caves of Sac Actun,Animation,English,6.2,72.0,2020
CounterPunch ,Documentary,English,6.7,91.0,2017
Octonauts & the Great Barrier Reef,Animation,English,7.3,47.0,2020
The Claus Family,Fantasy,Dutch,5.8,96.0,2020
Moxie,Drama,English,6.7,111.0,2021
The Woman in the Window,Psychological thriller,English,5.7,100.0,2021
The Last Thing He Wanted,Political thriller,English,4.3,115.0,2020
The Fundamentals of Caring,Comedy-drama,English,7.3,97.0,2016
We Can Be Heroes,Superhero,English,4.7,100.0,2020
Bird Box,Psychological thriller,English,6.6,124.0,2018
Love per Square Foot,Romantic comedy,Hindi,7.2,133.0,2018
Nappily Ever After,Comedy-drama,English,6.4,98.0,2018
The Dirt,Biopic,English,7.0,108.0,2019
All in My Family,Documentary,English/Mandarin,6.8,39.0,2019
Cadaver,Horror,Norwegian,5.1,86.0,2020
Murder Mystery,Comedy mystery,English,6.0,97.0,2019
Class of '83,Drama,Hindi,5.8,98.0,2020
The Legacy of a Whitetail Deer Hunter,Adventure/Comedy,English,5.5,83.0,2018
XOXO,Drama,English,5.3,92.0,2016
Whipped,Romantic comedy,Indonesian,4.1,97.0,2020
Velvet Buzzsaw,Thriller,English,5.7,112.0,2019
The Death and Life of Marsha P. Johnson,Documentary,English,7.3,105.0,2017
Alien Xmas,Stop Motion,English,6.2,42.0,2020
Kaali Khuhi,Mystery,Hindi,3.4,90.0,2020
Hillbilly Elegy,Drama,English,6.7,117.0,2020
Little Miss Sumo,Documentary,Japanese,6.7,19.0,2019
Leyla Everlasting,Comedy,Turkish,3.7,112.0,2020
Isi & Ossi,Romantic comedy,German,6.4,113.0,2020
Love Wedding Repeat,Romantic comedy,English,5.5,100.0,2020
Heroin(e) ,Documentary,English,6.8,39.0,2017
Long Live Brij Mohan,Comedy,Hindi,6.8,105.0,2018
Shawn Mendes: Live in Concert,Concert Film,English,7.4,87.0,2020
Eurovision Song Contest: The Story of Fire Saga,Musical comedy,English,6.5,123.0,2020
Who Would You Take to a Deserted Island?,Drama,Spanish,5.3,93.0,2019
Wine Country,Comedy,English,5.5,103.0,2019
Let It Snow,Romantic comedy,English,5.8,92.0,2019
To the Bone,Drama,English,6.8,107.0,2017
Gerald's Game,Horror thriller,English,6.5,103.0,2017
It Takes a Lunatic,Documentary,English,6.6,126.0,2019
Laerte-se,Documentary,Portuguese,6.9,100.0,2017
Guillermo Vilas: Settling the Score,Documentary,Spanish,7.1,94.0,2020
Secrets of the Saqqara Tomb,Documentary,English/Arabic,7.3,114.0,2020
Things Heard & Seen,Horror,English,5.3,121.0,2021
ARQ,Science fiction/Thriller,English,6.4,88.0,2016
Outlaw King,Historical-epic,English,6.9,121.0,2018
Emicida: AmarElo - It's All For Yesterday,Documentary,Portuguese,8.6,89.0,2020
Athlete A,Documentary,English,7.6,104.0,2020
Marriage Story,Drama,English,7.9,136.0,2019
Dolly Parton's Christmas on the Square,Christmas musical,English,5.2,98.0,2020
The Package,Black comedy,English,5.5,94.0,2018
Unknown Origins,Thriller,Spanish,6.1,96.0,2020
Roma,Drama,Spanish,7.7,135.0,2018
"Love, Guaranteed",Romantic comedy,English,5.6,91.0,2020
Rich in Love,Romantic comedy,Portuguese,5.8,105.0,2020
Bigflo & Oil: Hip Hop Frenzy,Documentary,French,6.9,100.0,2020
Private Life,Drama,English,7.2,124.0,2018
The Most Hated Woman in America,Biopic,English,6.1,92.0,2017
Beats,Drama,English,7.1,110.0,2019
Shirkers,Documentary,English,7.4,97.0,2018
Drive,Action,Hindi,3.5,147.0,2019
City of Joy,Documentary,English,7.5,74.0,2018
Blue Miracle,Drama,English,6.7,95.0,2021
David Attenborough: A Life on Our Planet,Documentary,English,9.0,83.0,2020
The Other Side of the Wind,Drama,English,6.8,122.0,2018
One-Way to Tomorrow,Romance,Turkish,5.6,90.0,2020
The App,Science fiction/Drama,Italian,2.6,79.0,2019
Derren Brown: Sacrifice,Mentalism special,English,7.1,49.0,2018
The Night Comes for Us,Action-thriller,Indonesian,7.0,121.0,2018
John Mulaney & the Sack Lunch Bunch,Variety show,English,7.5,70.0,2019
The Bleeding Edge,Documentary,English,7.6,100.0,2018
Triple Frontier,Action-thriller,English,6.4,125.0,2019
Into the Inferno,Documentary,English,7.2,107.0,2016
Walk. Ride. Rodeo.,Drama,English,6.4,99.0,2019
The Willoughbys,Animation/Comedy/Adventure,English,6.4,90.0,2020
Mrs. Serial Killer,Thriller,Hindi,4.8,106.0,2020
Lost Bullet,Thriller,French,6.2,92.0,2020
Despite Everything,Comedy,Spanish,5.4,78.0,2019
Reversing Roe,Documentary,English,7.5,99.0,2018
The Cloverfield Paradox,Science fiction,English,5.5,102.0,2018
Spelling the Dream,Documentary,English,6.9,83.0,2020
Mascots,Mockumentary,English,5.8,95.0,2016
The Open House,Horror thriller,English,3.2,94.0,2018
Rocko's Modern Life: Static Cling,Animation / Comedy,English,7.0,45.0,2019
Rogue City,Crime drama,French,6.1,116.0,2020
Feel the Beat,Family/Comedy-drama,English,6.3,107.0,2020
Dolemite Is My Name,Biopic,English,7.3,118.0,2019
Set It Up,Romantic comedy,English,6.5,105.0,2018
True Memoirs of an International Assassin,Action comedy,English,5.9,98.0,2016
Rising High,Satire,German,5.8,94.0,2020
Paper Lives,Drama,Turkish,6.7,97.0,2021
The Heartbreak Club,Comedy-drama,Indonesian,6.4,101.0,2021
Special Correspondents,Satire,English,5.8,100.0,2016
Nail Bomber: Manhunt,Documentary,English,6.3,72.0,2021
Get Me Roger Stone,Documentary,English,7.3,101.0,2017
"Ram Dass, Going Home",Documentary,English,7.1,31.0,2018
Crip Camp: A Disability Revolution,Documentary,English,7.7,108.0,2020
The Holiday Calendar,Romantic comedy,English,5.7,95.0,2018
On My Skin,Crime drama,Italian,7.3,100.0,2018
Layla Majnun,Romantic drama,Indonesian,6.4,119.0,2021
After the Raid,Documentary,Spanish,4.3,25.0,2019
Dick Johnson Is Dead,Documentary,English,7.5,90.0,2020
LA Originals,Documentary,English,7.2,92.0,2020
Work It,Dance comedy,English,6.1,93.0,2020
The Misadventures of Hedi and Cokeman,Comedy,French,4.5,99.0,2021
"Michael Bolton's Big, Sexy, Valentine's Day Special",Variety Show,English,6.7,54.0,2017
The Ballad of Buster Scruggs,Western,English,7.3,132.0,2018
Intuition,Thriller,Spanish,5.3,116.0,2020
The Ivory Game,Documentary,English,7.9,112.0,2016
Dancing with the Birds,Documentary,English,8.3,51.0,2019
Bad Trip,Hidden-camera prank comedy,English,6.6,86.0,2021
Fire in Paradise,Documentary,English,7.4,39.0,2019
A Fall from Grace,Thriller,English,5.9,120.0,2020
Ludo,Anthology/Dark comedy,Hindi,7.6,149.0,2020
Crazy Awesome Teachers,Comedy-drama,Indonesian,6.2,101.0,2020
Back to School,Comedy,French,5.3,83.0,2019
Angela's Christmas Wish,Animation,English,7.1,47.0,2020
Madame Claude,Drama,French,5.4,112.0,2021
Soni,Crime drama,Hindi,7.2,97.0,2019
Saving Capitalism,Documentary,English,6.8,73.0,2017
Road to Roma,Making-of,Spanish,7.7,72.0,2020
The Perfect Date,Romantic comedy,English,5.8,89.0,2019
Upstarts,Drama,Hindi,6.7,112.0,2019
Nobody Sleeps in the Woods Tonight,Horror,Polish,4.8,103.0,2020
The Boys in the Band,Drama,English,6.8,121.0,2020
The Princess Switch: Switched Again,Romantic comedy,English,5.4,97.0,2020
All the Bright Places,Romance,English,6.5,108.0,2020
Fearless,Animation/Superhero,English,4.9,89.0,2020
Small Crimes,Dark comedy,English,5.8,95.0,2017
Sitara: Let Girls Dream,Animation / Short,English,7.3,15.0,2020
Loudon Wainwright III: Surviving Twin,One-man show,English,7.1,91.0,2018
Rebirth,Thriller,English,5.0,100.0,2016
Geez & Ann,Romantic drama,Indonesian,5.1,105.0,2021
The Two Popes,Drama,English,7.6,125.0,2019
Double Dad,Comedy-drama,Portuguese,5.6,103.0,2021
Como Caído del Cielo,Musical comedy,Spanish,6.4,112.0,2019
Sandy Wexler,Comedy,English,5.2,131.0,2017
Operation Varsity Blues: The College Admissions Scandal,Documentary,English,7.0,99.0,2021
Life Overtakes Me,Documentary,English/Swedish,6.5,40.0,2019
The Discovery,Science fiction/Drama,English,6.3,102.0,2017
Cops and Robbers,Animation / Short,English,6.9,7.0,2020
My Octopus Teacher,Documentary,English,8.1,85.0,2020
The Speed Cubers,Documentary,English,7.4,40.0,2020
ReMastered: The Miami Showband Massacre,Documentary,English,7.0,70.0,2019
The Devil All the Time,Psychological thriller,English,7.1,138.0,2020
"Barbra: The Music, The Mem'ries, The Magic!",Concert Film,English,7.5,108.0,2017
I Am the Pretty Thing That Lives in the House,Horror,English,4.6,89.0,2016
Seaspiracy,Documentary,English,8.2,89.0,2021
Extraction,Action,English,6.7,117.0,2020
The Highwaymen,Crime drama,English,6.9,131.0,2019
Rooting for Roona,Documentary,Bengali,7.1,41.0,2020
ReMastered: Massacre at the Stadium,Documentary,English/Spanish,7.3,64.0,2019
Spectral,Science fiction/Action,English,6.3,108.0,2016
Juanita,Drama,English,6.0,90.0,2019
"Crack: Cocaine, Corruption & Conspiracy",Documentary,English,6.7,89.0,2021
The Land of Steady Habits,Drama,English,6.2,98.0,2018
Searching for Sheela,Documentary,English,4.1,58.0,2021
Pagglait,Comedy-drama,Hindi,6.9,114.0,2021
Becoming,Documentary,English,6.8,89.0,2020
Arlo the Alligator Boy,Animated musical comedy,English,6.7,92.0,2021
Roxanne Roxanne,Biopic,English,6.2,98.0,2018
Choked: Paisa Bolta Hai,Drama,Hindi,5.8,114.0,2020
Just Say Yes,Romantic comedy,Dutch,4.5,97.0,2021
The Day of the Lord,Drama,Spanish,4.9,93.0,2020
Milestone,Drama,Hindi,6.6,98.0,2021
Sardar Ka Grandson,Comedy,Hindi,4.1,139.0,2021
The After Party,Comedy,English,5.8,89.0,2018
Gaga: Five Foot Two,Documentary,English,7.0,100.0,2017
Disclosure: Trans Lives on Screen,Documentary,English,8.2,107.0,2020
A Love Song for Latasha,Documentary,English,6.8,19.0,2020
Struggle: The Life and Lost Art of Szukaiski,Documentary,English,8.0,105.0,2018
1922,Horror/Crime drama,English,6.3,102.0,2017
22-Jul,Drama,English,6.8,144.0,2018
Hot Girls Wanted,Documentary,English,6.1,84.0,2015
Klaus,Animation/Christmas/Comedy/Adventure,English,8.2,97.0,2019
The Boys in the Band: Something Personal,Aftershow / Interview,English,6.8,28.0,2020
I Don't Feel at Home in This World Anymore,Drama,English,6.9,96.0,2017
Earth and Blood,Action,French,4.9,80.0,2020
Nobody Speak: Trials of the Free Press,Documentary,English,6.5,95.0,2017
Òlòt?ré,Crime drama,English,5.5,106.0,2020
The Prom,Musical,English,5.9,132.0,2020
Fractured,Thriller,English,6.4,100.0,2019
The Irishman: In Conversation,Aftershow / Interview,English,7.4,23.0,2019
7 años,Drama,Spanish,6.8,76.0,2016
Antoine Griezmann: The Making of a Legend,Documentary,French,6.5,60.0,2019
Fatal Affair,Thriller,English,4.5,89.0,2020
Music Teacher,Drama,Hindi,6.3,101.0,2019
Enter the Anime,Documentary,English/Japanese,2.5,58.0,2019
Ben Platt: Live from Radio City Music Hall,Concert Film,English,8.4,85.0,2020
First Match,Sports-drama,English,6.4,102.0,2018
Coffee & Kareem,Action comedy,English,5.1,88.0,2020
You've Got This,Romantic comedy,Spanish,5.8,111.0,2020
A Week Away,Christian musical,English,5.7,97.0,2021
The 40-Year-Old Version,Comedy,English,7.2,124.0,2020
What Happened to Mr. Cha?,Comedy,Korean,4.3,102.0,2021
Finding Agnes,Drama,Filipino,4.7,105.0,2020
A Whisker Away,Anime/Fantasy,Japanese,6.7,104.0,2020
Ghost Lab,Horror,Thai,5.2,117.0,2021
ReMastered: Devil at the Crossroads,Documentary,English,7.0,48.0,2019
ReMastered: Tricky Dick & the Man in Black,Documentary,English,7.1,58.0,2018
Handsome: A Netflix Mystery Movie,Comedy,English,5.2,81.0,2017
Rim of the World,Science fiction adventure,English,5.2,98.0,2019
Notes from Dunblane: Lesson from a School Shooting,Documentary,English,5.9,23.0,2018
Homecoming: A Film by Beyonce ,Documentary,English,7.5,137.0,2019
Miss Americana,Documentary,English,7.4,85.0,2020
Always Be My Maybe,Romantic comedy,English,6.8,102.0,2019
Holiday in the Wild,Adventure-romance,English,6.1,85.0,2019
Dude,Teen comedy-drama,English,5.1,97.0,2018
Zion ,Documentary,English,7.2,11.0,2018
ReMastered: The Lion's Share,Documentary,English,7.0,84.0,2019
The Social Dilemma,Documentary,English,7.6,94.0,2020
Paris Is Us,Romance drama,French,4.6,83.0,2019
Candy Jar,Comedy,English,5.8,92.0,2018
Blame!,Anime/Science fiction,Japanese,6.7,106.0,2017
American Factory: A Conversation with the Obamas ,Aftershow / Interview,English,5.2,10.0,2019
The Life Ahead,Drama,Italian,6.8,95.0,2020
A Christmas Prince: The Royal Wedding,Romantic comedy,English,5.3,92.0,2018
Maska,Romantic comedy,Hindi,5.9,111.0,2020
AK vs AK,Thriller,Hindi,6.9,108.0,2020
Eli,Horror,English,5.7,98.0,2019
A Christmas Prince,Romantic comedy,English,5.8,92.0,2017
"Frankenstein's Monster's Monster, Frankenstein",Mockumentary,English,5.9,32.0,2019
The Babysitter,Teen comedy horror,English,6.3,85.0,2017
I'm Thinking of Ending Things,Psychological thriller,English,6.6,134.0,2020
Death Note,Horror thriller,English,4.4,100.0,2017
El Camino: A Breaking Bad Movie,Crime drama,English,7.3,121.0,2019
Los Tigres del Norte at Folsom Prison,Documentary,Spanish,7.0,64.0,2019
They'll Love Me When I'm Dead,Documentary,English,7.4,98.0,2018
The Christmas Chronicles: Part Two,Christmas comedy,English,6.0,115.0,2020
Pele,Documentary,English,7.0,108.0,2021
Mowgli: Legend of the Jungle,Adventure,English,6.5,104.0,2018
Have You Ever Seen Fireflies?,Comedy,Turkish,6.2,114.0,2021
Extinction,Science fiction/Thriller,English,5.8,95.0,2018
High Flying Bird,Sports-drama,English,6.2,90.0,2019
Malcolm & Marie,Romantic drama,English,6.7,106.0,2021
Chasing Coral ,Documentary,English,8.1,89.0,2017
The Ridiculous 6,Western,English,4.8,119.0,2015
Stuck Apart,Drama,Turkish,6.1,96.0,2021
John Was Trying to Contact Aliens,Documentary,English,6.4,16.0,2020
Barry,Biopic,English,5.8,104.0,2016
Rising Phoenix,Documentary,English,8.1,106.0,2020
Joan Didion: The Center Will Not Hold,Documentary,English,7.5,98.0,2017
Feminists: What Were They Thinking?,Documentary,English,7.0,86.0,2018
Okja,Action-adventure,English/Korean,7.3,121.0,2017
Extremis,Documentary,English,7.3,24.0,2016
Been So Long,Musical,English,5.5,100.0,2018
To All the Boys: Always and Forever,Romantic comedy,English,6.3,109.0,2021
The Black Godfather,Documentary,English,7.4,118.0,2019
The Minimalists: Less Is Now,Documentary,English,5.9,53.0,2021
Ajeeb Daastaans,Drama,Hindi,6.7,142.0,2021
Da 5 Bloods,War drama,English,6.5,155.0,2020
The Week Of,Comedy,English,5.2,116.0,2018
The Last Paradiso,Romantic drama,Italian,5.6,107.0,2021
I'll Sleep When I'm Dead,Documentary,English,6.6,79.0,2016
Ma Rainey's Black Bottom: A Legacy Brought to Screen,Aftershow / Interview,English,7.0,31.0,2020
Amateur,Sports-drama,English,5.9,96.0,2018
Take the 10,Comedy,English,4.8,80.0,2017
First They Killed My Father,Drama,Khmer/English/French,7.2,136.0,2017
Have a Good Trip: Adventures in Psychedelics,Documentary,English,6.8,85.0,2020
Rebecca,Romantic thriller,English,6.0,123.0,2020
6 Underground,Action,English,6.1,128.0,2019
Tell Me Who I Am,Documentary,English,7.6,85.0,2019
Project Power,Superhero,English,6.0,113.0,2020
The Dig,Drama,English,7.1,112.0,2021
A Very Murray Christmas,Comedy / Musical,English,5.5,56.0,2015
My Beautiful Broken Brain,Documentary,English,7.1,91.0,2016
The Kissing Booth 2,Romantic comedy,English,5.8,131.0,2020
Bright,Urban fantasy,English,6.3,117.0,2017
Come Sunday,Biopic,English,6.0,106.0,2018
Beasts of No Nation,War drama,English/Akan,7.7,136.0,2015
All Day and a Night,Drama,English,5.8,121.0,2020
Altered Carbon: Resleeved,Anime/Science fiction,Japanese,6.5,74.0,2020
War Machine,War-Comedy,English,6.0,122.0,2017
Point Blank,Action,English,5.7,86.0,2019
Rodney King,One-man show,English,5.8,52.0,2017
Evelyn,Documentary,English,7.1,96.0,2019
A 3 Minute Hug,Documentary,English/Spanish,6.5,28.0,2019
Prime Time,Thriller,Polish,5.7,91.0,2021
Citation,Drama,English,6.2,151.0,2020
"Strip Down, Rise Up",Documentary,English,5.2,112.0,2021
The Sleepover,Comedy,English,5.6,103.0,2020
Knock Down the House,Documentary,English,7.1,87.0,2019
Mercury 13,Documentary,English,6.8,79.0,2018
Travis Scott: Look Mom I Can Fly,Documentary,English,6.3,85.0,2019
Sturgill Simpson Presents: Sound & Fury,Animation / Musicial,English,6.4,41.0,2019
A Christmas Prince: The Royal Baby,Romantic comedy,English,5.4,85.0,2019
Bomb Scared,Black comedy,Spanish/Basque,5.6,89.0,2017
The Edge of Democracy,Documentary,Portuguese,7.2,121.0,2019
Father of the Year,Comedy,English,5.2,94.0,2018
"Jim & Andy: The Great Beyond - Featuring a Very Special, Contractually Obligated Mention of Tony Cliffton ",Documentary,English,7.7,94.0,2017
Voyuer ,Documentary,English,6.2,95.0,2017
A Futile and Stupid Gesture,Biographical/Comedy,English,6.8,101.0,2018
What We Wanted,Drama,German,5.8,93.0,2020
Taylor Swift: Reputation Stadium Tour,Concert Film,English,8.4,125.0,2018
Time to Hunt,Thriller,Korean,6.3,134.0,2020
The Outsider,Crime drama,English/Japanese,6.3,120.0,2018
Quincy,Documentary,English,7.6,124.0,2018
The Three Deaths of Marisela Escobedo,Documentary,Spanish,8.2,109.0,2020
TAU,Science fiction/Thriller,English,5.8,97.0,2018
Giving Voice,Documentary,English,6.7,90.0,2020
One Take,Documentary,Thai,5.7,85.0,2020
Army of the Dead,Zombie/Heist,English,5.9,148.0,2021
"What Happened, Miss Simone?",Documentary,English,7.6,84.0,2015
The Last Laugh,Comedy-drama,English,5.6,98.0,2019
The Decline,Thriller,French,5.9,83.0,2020
Horse Girl,Drama,English,5.9,104.0,2020
Invader Zim: Enter the Florpus,Animation / Science Fiction,English,7.5,71.0,2019
Mercy,Thriller,English,4.2,90.0,2016
Cargo,Drama/Horror,English,6.3,104.0,2018
Airplane Mode,Comedy,Portuguese,5.0,96.0,2020
Period. End of Sentence.,Documentary,English/Hindi,7.4,26.0,2019
The Wrong Missy,Comedy,English,5.7,90.0,2020
The Disciple,Drama,Marathi,7.2,129.0,2021
The Girl on the Train,Thriller,Hindi,4.4,120.0,2021
Mute,Science fiction/Mystery,English,5.5,126.0,2018
The Rachel Divide,Documentary,English,6.2,104.0,2018
Tramps,Romance,English,6.5,83.0,2017
The Larva Island Movie,Animation,English,5.1,90.0,2020
Sol Levante,Anime / Short,English,4.7,4.0,2020
Vampires vs. the Bronx,Horror comedy,English,5.6,86.0,2020
Someone Great,Romantic comedy,English,6.2,92.0,2019
Joshua: Teenager vs. Superpower,Documentary,English,7.1,78.0,2017
Dark Forces,Thriller,Spanish,2.6,81.0,2020
Baggio: The Divine Ponytail,Biopic,Italian,6.2,92.0,2021
A Babysitter's Guide to Monster Hunting,Comedy/Fantasy/Family,English,5.4,98.0,2020
The Red Sea Diving Resort,Spy thriller,English,6.6,130.0,2019
Between Two Ferns: The Movie,Comedy,English,6.1,82.0,2019
Deidra & Laney Rob a Train,Drama,English,6.1,94.0,2017
Tersanjung the Movie,Drama,Indonesian,6.1,114.0,2021
Sergio,Biopic,English,6.1,118.0,2020
American Son,Drama,English,5.8,90.0,2019
6 Balloons,Drama,English,5.9,75.0,2018
Justin Timberlake + The Tennessee Kids,Concert Film,English,7.7,90.0,2016
Finding 'Ohana,Family,English,6.1,123.0,2021
Street Flow,Drama,French,6.4,96.0,2019
Lovefucked,Drama,Hindi,6.0,106.0,2019
Jingle Jangle: A Christmas Journey,Family/Christmas musical,English,6.5,119.0,2020
Love Like the Falling Rain,Drama,Indonesian,5.0,86.0,2020
Ibiza,Comedy,English,5.2,94.0,2018
The Binding,Drama,Italian,4.7,93.0,2020
Sarah Cooper: Everything's Fine,Variety show,English,5.6,49.0,2020
Rose Island,Comedy,Italian,7.0,117.0,2020
Earthquake Bird,Mystery,English,5.9,107.0,2019
GIMS: On the Record,Documentary,French,6.8,96.0,2020
Falling Inn Love,Romantic comedy,English,5.6,97.0,2019
Cam,Psychological horror,English,5.9,94.0,2018
Yes Day,Comedy,English,5.7,86.0,2021
American Murder: The Family Next Door,Documentary,English,7.2,82.0,2020
Good Sam,Drama,English,5.7,89.0,2019
I'm No Longer Here: A Discussion with Guillermo del Toro and Alfonso Cuaron,Aftershow / Interview,English,7.0,14.0,2020
Thunder Force,Superhero-Comedy,English,4.4,105.0,2021
The King,Historical drama,English,7.2,140.0,2019
The Christmas Chronicles,Christmas/Fantasy/Adventure/Comedy,English,7.0,104.0,2018
Long Shot,Documentary,English,7.4,40.0,2017
The Road to El Camino: A Breaking Bad Movie,Making-of,English,7.2,13.0,2019
Paddleton,Drama-Comedy,English,7.2,89.0,2019
Rolling Thunder Revue: A bob Dylan Story by Martin Scorsere,Documentary,English,7.6,144.0,2019
Freaks: You're One of Us,Supernatural drama,German,5.4,92.0,2020
Squared Love,Romantic comedy,Polish,5.0,102.0,2021
My Own Man,Documentary,English,6.4,81.0,2014
Biggie: I Got a Story to Tell,Documentary,English,6.9,97.0,2021
Paris Is Us,Romance drama,French,4.6,83.0,2019
1922,Horror/Crime drama,English,6.3,102.0,2017
Beasts of No Nation,War drama,English/Akan,7.7,136.0,2015
Porta dos Fundos: The Last Hangover,Comedy,Portuguese,6.3,44.0,2018
Holiday in the Wild,Adventure-romance,English,6.1,85.0,2019
Tallulah,Comedy-drama,English,6.7,111.0,2016
June & Kopi,Drama,Indonesian,6.3,90.0,2021
Sextuplets,Comedy,English,4.4,99.0,2019
Deidra & Laney Rob a Train,Drama,English,6.1,94.0,2017
The Legacy of a Whitetail Deer Hunter,Adventure/Comedy,English,5.5,83.0,2018
His House,Thriller,English,6.5,93.0,2020
Velvet Buzzsaw,Thriller,English,5.7,112.0,2019
Ultras,Sports film,Italian,5.9,108.0,2020
Someone Great,Romantic comedy,English,6.2,92.0,2019
Guillermo Vilas: Settling the Score,Documentary,Spanish,7.1,94.0,2020
13th,Documentary,English,8.2,100.0,2016
LA Originals,Documentary,English,7.2,92.0,2020
The Rachel Divide,Documentary,English,6.2,104.0,2018
Earth and Blood,Action,French,4.9,80.0,2020
Crazy About Her,Romantic comedy,Spanish,6.6,102.0,2021
Evelyn,Documentary,English,7.1,96.0,2019
The Open House,Horror thriller,English,3.2,94.0,2018
Sandy Wexler,Comedy,English,5.2,131.0,2017
Ghosts of Sugar Land,Documentary,English,5.5,21.0,2019
Unknown Origins,Thriller,Spanish,6.1,96.0,2020
Porta dos Fundos: The First Temptation of Christ,Comedy,Portuguese,4.6,46.0,2019
A Secret Love,Documentary,English,7.9,82.0,2020
The Perfection,Horror-thriller,English,6.1,90.0,2019
Heroin(e) ,Documentary,English,6.8,39.0,2017
Dolly Parton's Christmas on the Square,Christmas musical,English,5.2,98.0,2020
Ibiza,Comedy,English,5.2,94.0,2018
Uncorked,Drama,English,6.3,103.0,2020
Paper Lives,Drama,Turkish,6.7,97.0,2021
Squared Love,Romantic comedy,Polish,5.0,102.0,2021
5 Star Christmas,Comedy,Italian,4.6,95.0,2018
House Arrest,Comedy,Hindi,5.5,104.0,2019
Imperial Dreams,Drama,English,6.7,87.0,2017
Octonauts & the Great Barrier Reef,Animation,English,7.3,47.0,2020
Cuba and the Cameraman ,Documentary,English,8.3,114.0,2017
Rooting for Roona,Documentary,Bengali,7.1,41.0,2020
David Attenborough: A Life on Our Planet,Documentary,English,9.0,83.0,2020
The Discovery,Science fiction/Drama,English,6.3,102.0,2017
Rajma Chawal,Comedy-drama,Hindi,5.8,118.0,2018
The Irishman,Crime drama,English,7.8,209.0,2019
Roxanne Roxanne,Biopic,English,6.2,98.0,2018
Army of the Dead,Zombie/Heist,English,5.9,148.0,2021
AK vs AK,Thriller,Hindi,6.9,108.0,2020
The Disciple,Drama,Marathi,7.2,129.0,2021
Extremis,Documentary,English,7.3,24.0,2016
Dance Dreams: Hot Chocolate Nutcracker,Documentary,English,7.1,80.0,2020
Intuition,Thriller,Spanish,5.3,116.0,2020
Freaks: You're One of Us,Supernatural drama,German,5.4,92.0,2020
Spenser Confidential,Action comedy,English,6.2,111.0,2020
Laerte-se,Documentary,Portuguese,6.9,100.0,2017
If Anything Happens I Love You,Animation / Short,English,7.8,12.0,2020
Isi & Ossi,Romantic comedy,German,6.4,113.0,2020
Sarah Cooper: Everything's Fine,Variety show,English,5.6,49.0,2020
Paradox,Musical/Western/Fantasy,English,3.9,73.0,2018
